﻿<?xml version="1.0" encoding="utf-8"?>
<Device Name="SecretsHub">
    <Policies>
        <Policy ID="SecretsHubPlatform" PlatformBaseID="AmazonWebServices" PlatformBaseType="AmazonWebServices" PlatformBaseProtocol="HTTP">
          <Properties>
            <Required>
            </Required>
            <Optional>
              <Property Name="SecretNameInSecretStore" DisplayName="Secret Name In Target Secret Store" />
            </Optional>
          </Properties>
          <LinkedPasswords />
          <TicketingSystem />
          <PrivilegedSessionManagement />
          <ConnectionComponents />
        </Policy>
    </Policies>
</Device>